{
  "navigationBarTitleText": "个人资料",
  "usingComponents": {
    "wux-cell-group": "../../dist/cell-group/index",
    "wux-cell": "../../dist/cell/index",
    "wux-form": "../../dist/form/index",
    "wux-field": "../../dist/field/index",
    "wux-input": "../../dist/input/index",
    "wux-radio-group": "../../dist/radio-group/index",
    "wux-radio": "../../dist/radio/index",
    "wux-switch": "../../dist/switch/index",
    "wux-picker": "../../dist/picker/index",
    "wux-date-picker": "../../dist/date-picker/index",
    "wux-popup-select": "../../dist/popup-select/index"
  }
}